{"assetIndex":{"id":"legacy","sha1":"770572e819335b6c0a053f8378ad88eda189fc14","size":109634,"totalSize":153475165,"url":"https://launchermeta.mojang.com/v1/packages/770572e819335b6c0a053f8378ad88eda189fc14/legacy.json"},"assets":"legacy","id":"BTA 7.1_01","libraries":[{"downloads":{"artifact":{"path":"net/minecraft/launchwrapper/1.5/launchwrapper-1.5.jar","sha1":"5150b9c2951f0fde987ce9c33496e26add1de224","size":27787,"url":"https://libraries.minecraft.net/net/minecraft/launchwrapper/1.5/launchwrapper-1.5.jar"}},"name":"net.minecraft:launchwrapper:1.5"},{"downloads":{"artifact":{"path":"net/sf/jopt-simple/jopt-simple/4.5/jopt-simple-4.5.jar","sha1":"6065cc95c661255349c1d0756657be17c29a4fd3","size":61311,"url":"https://libraries.minecraft.net/net/sf/jopt-simple/jopt-simple/4.5/jopt-simple-4.5.jar"}},"name":"net.sf.jopt-simple:jopt-simple:4.5"},{"downloads":{"artifact":{"path":"org/ow2/asm/asm-all/4.1/asm-all-4.1.jar","sha1":"054986e962b88d8660ae4566475658469595ef58","size":214592,"url":"https://libraries.minecraft.net/org/ow2/asm/asm-all/4.1/asm-all-4.1.jar"}},"name":"org.ow2.asm:asm-all:4.1"},{"downloads":{"artifact":{"path":"net/java/jinput/jinput/2.0.5/jinput-2.0.5.jar","sha1":"39c7796b469a600f72380316f6b1f11db6c2c7c4","size":208338,"url":"https://libraries.minecraft.net/net/java/jinput/jinput/2.0.5/jinput-2.0.5.jar"}},"name":"net.java.jinput:jinput:2.0.5"},{"downloads":{"artifact":{"path":"net/java/jutils/jutils/1.0.0/jutils-1.0.0.jar","sha1":"e12fe1fda814bd348c1579329c86943d2cd3c6a6","size":7508,"url":"https://libraries.minecraft.net/net/java/jutils/jutils/1.0.0/jutils-1.0.0.jar"}},"name":"net.java.jutils:jutils:1.0.0"},{"downloads":{"artifact":{"path":"org/lwjgl/lwjgl/lwjgl/2.9.4-nightly-20150209/lwjgl-2.9.4-nightly-20150209.jar","sha1":"697517568c68e78ae0b4544145af031c81082dfe","size":1047168,"url":"https://libraries.minecraft.net/org/lwjgl/lwjgl/lwjgl/2.9.4-nightly-20150209/lwjgl-2.9.4-nightly-20150209.jar"}},"name":"org.lwjgl.lwjgl:lwjgl:2.9.4-nightly-20150209","rules":[{"action":"allow"},{"action":"disallow","os":{"name":"osx","version":"^10\\.5\\.\\d$"}}]},{"downloads":{"artifact":{"path":"org/lwjgl/lwjgl/lwjgl_util/2.9.4-nightly-20150209/lwjgl_util-2.9.4-nightly-20150209.jar","sha1":"d51a7c040a721d13efdfbd34f8b257b2df882ad0","size":173887,"url":"https://libraries.minecraft.net/org/lwjgl/lwjgl/lwjgl_util/2.9.4-nightly-20150209/lwjgl_util-2.9.4-nightly-20150209.jar"}},"name":"org.lwjgl.lwjgl:lwjgl_util:2.9.4-nightly-20150209","rules":[{"action":"allow"},{"action":"disallow","os":{"name":"osx","version":"^10\\.5\\.\\d$"}}]},{"downloads":{"classifiers":{"natives-linux-arm64":{"sha1":"63ac7da0f4a4785c7eadc0f8edc1e9dcc4dd08cb","size":579979,"url":"https://github.com/theofficialgman/lwjgl3-binaries-arm64/raw/lwjgl-2.9.4/lwjgl-platform-2.9.4-nightly-20150209-natives-linux.jar"},"natives-osx-arm64":{"sha1":"eff546c0b319d6ffc7a835652124c18089c67f36","size":488316,"url":"https://github.com/MinecraftMachina/lwjgl/releases/download/2.9.4-20150209-mmachina.2/lwjgl-platform-2.9.4-nightly-20150209-natives-osx.jar"},"natives-windows":{"path":"org/lwjgl/lwjgl/lwjgl-platform/2.9.4-nightly-20150209/lwjgl-platform-2.9.4-nightly-20150209-natives-windows.jar","sha1":"b84d5102b9dbfabfeb5e43c7e2828d98a7fc80e0","size":613748,"url":"https://libraries.minecraft.net/org/lwjgl/lwjgl/lwjgl-platform/2.9.4-nightly-20150209/lwjgl-platform-2.9.4-nightly-20150209-natives-windows.jar"}}},"extract":{"exclude":["META-INF/"]},"name":"org.lwjgl.lwjgl:lwjgl-platform:2.9.4-nightly-20150209","natives":{"linux":"natives-linux-arm64","osx":"natives-osx-arm64","windows":"natives-windows"},"rules":[{"action":"allow"},{"action":"disallow","os":{"name":"osx","version":"^10\\.5\\.\\d$"}}]},{"downloads":{"artifact":{"path":"org/lwjgl/lwjgl/lwjgl/2.9.4-nightly-20150209/lwjgl-2.9.4-nightly-20150209.jar","sha1":"697517568c68e78ae0b4544145af031c81082dfe","size":1047168,"url":"https://libraries.minecraft.net/org/lwjgl/lwjgl/lwjgl/2.9.4-nightly-20150209/lwjgl-2.9.4-nightly-20150209.jar"}},"name":"org.lwjgl.lwjgl:lwjgl:2.9.4-nightly-20150209","rules":[{"action":"allow","os":{"name":"osx","version":"^10\\.5\\.\\d$"}}]},{"downloads":{"artifact":{"path":"org/lwjgl/lwjgl/lwjgl_util/2.9.4-nightly-20150209/lwjgl_util-2.9.4-nightly-20150209.jar","sha1":"d51a7c040a721d13efdfbd34f8b257b2df882ad0","size":173887,"url":"https://libraries.minecraft.net/org/lwjgl/lwjgl/lwjgl_util/2.9.4-nightly-20150209/lwjgl_util-2.9.4-nightly-20150209.jar"}},"name":"org.lwjgl.lwjgl:lwjgl_util:2.9.4-nightly-20150209","rules":[{"action":"allow","os":{"name":"osx","version":"^10\\.5\\.\\d$"}}]},{"downloads":{"classifiers":{"natives-osx-arm64":{"sha1":"eff546c0b319d6ffc7a835652124c18089c67f36","size":488316,"url":"https://github.com/MinecraftMachina/lwjgl/releases/download/2.9.4-20150209-mmachina.2/lwjgl-platform-2.9.4-nightly-20150209-natives-osx.jar"}}},"extract":{"exclude":["META-INF/"]},"name":"org.lwjgl.lwjgl:lwjgl-platform:2.9.4-nightly-20150209","natives":{"linux":"natives-linux-arm64","osx":"natives-osx-arm64","windows":"natives-windows"},"rules":[{"action":"allow","os":{"name":"osx","version":"^10\\.5\\.\\d$"}}]},{"downloads":{"classifiers":{"natives-linux-arm64":{"path":"net/java/jinput/jinput-platform/2.0.5/jinput-platform-2.0.5-natives-linux.jar","sha1":"42b388ccb7c63cec4e9f24f4dddef33325f8b212","size":10932,"url":"https://github.com/theofficialgman/lwjgl3-binaries-arm64/raw/lwjgl-2.9.4/jinput-platform-2.0.5-natives-linux.jar"},"natives-osx-arm64":{"path":"net/java/jinput/jinput-platform/2.0.5/jinput-platform-2.0.5-natives-osx.jar","sha1":"5189eb40db3087fb11ca063b68fa4f4c20b199dd","size":10031,"url":"https://github.com/r58Playz/jinput-m1/raw/main/plugins/OSX/bin/jinput-platform-2.0.5.jar"},"natives-windows":{"path":"net/java/jinput/jinput-platform/2.0.5/jinput-platform-2.0.5-natives-windows.jar","sha1":"385ee093e01f587f30ee1c8a2ee7d408fd732e16","size":155179,"url":"https://libraries.minecraft.net/net/java/jinput/jinput-platform/2.0.5/jinput-platform-2.0.5-natives-windows.jar"}}},"extract":{"exclude":["META-INF/"]},"name":"net.java.jinput:jinput-platform:2.0.5","natives":{"linux":"natives-linux-arm64","osx":"natives-osx-arm64","windows":"natives-windows"}},{"downloads":{"classifiers":{"natives-linux-arm64":{"sha1":"42b388ccb7c63cec4e9f24f4dddef33325f8b212","size":10932,"url":"https://github.com/theofficialgman/lwjgl3-binaries-arm64/raw/lwjgl-2.9.4/jinput-platform-2.0.5-natives-linux.ja"},"natives-osx-arm64":{"sha1":"5189eb40db3087fb11ca063b68fa4f4c20b199dd","size":10031,"url":"https://github.com/r58Playz/jinput-m1/raw/main/plugins/OSX/bin/jinput-platform-2.0.5.jar"},"natives-windows":{"path":"net/java/jinput/jinput-platform/2.0.5/jinput-platform-2.0.5-natives-windows.jar","sha1":"385ee093e01f587f30ee1c8a2ee7d408fd732e16","size":155179,"url":"https://libraries.minecraft.net/net/java/jinput/jinput-platform/2.0.5/jinput-platform-2.0.5-natives-windows.jar"}}},"extract":{"exclude":["META-INF/"]},"name":"net.java.jinput:jinput-platform:2.0.5","natives":{"linux":"natives-linux-arm64","osx":"natives-osx-arm64","windows":"natives-windows"}}],"mainClass":"net.minecraft.client.Minecraft","minecraftArguments":"${auth_player_name} ${auth_session} --gameDir ${game_directory} --assetsDir ${game_assets}","minimumLauncherVersion":7,"releaseTime":"2011-07-07T22:00:00+00:00","time":"2011-07-07T22:00:00+00:00","type":"old_beta"}